_id,ADDRESS_POINT_ID,ADDRESS_NUMBER,LINEAR_NAME_FULL,ADDRESS_FULL,POSTAL_CODE,MUNICIPALITY,CITY,WARD,PLACE_NAME,GENERAL_USE_CODE,CENTRELINE_ID,LO_NUM,LO_NUM_SUF,HI_NUM,HI_NUM_SUF,LINEAR_NAME_ID,X,Y,LONGITUDE,LATITUDE,ID,PARKING_TYPE,FLANKING,BICYCLE_CAPACITY,SIZE_M,YEAR_INSTALLED,BY_LAW,DETAILS,OBJECTID,geometry
6670,7641979,21,Gerrard St E,21 Gerrard St E,,former Toronto,Toronto,Toronto Centre (13),,115001,7641994,21,,,,3495,,,-79.38110314,43.6591711,39,Bike Rack,Gerrard St E,16,2.9,2016,N/A,,1,"{""type"": ""Point"", ""coordinates"": [-79.3810999113837, 43.6591625171396]}"
6671,13991178,213,Delaware Ave,213 Delaware Ave,M6H 2T4,former Toronto,Toronto,Davenport (9),,115001,20033433,213,,,,3283,,,-79.42787406,43.66206598,40,Angled Bike Rack,Delaware Ave,5,2.9,2014,N/A,,2,"{""type"": ""Point"", ""coordinates"": [-79.4278708182001, 43.6620573990966]}"
6672,13991178,213,Delaware Ave,213 Delaware Ave,M6H 2T4,former Toronto,Toronto,Davenport (9),,115001,20033433,213,,,,3283,,,-79.42787406,43.66206598,41,Bike Corral,Delaware Ave,8,3,2014,NO,,3,"{""type"": ""Point"", ""coordinates"": [-79.4278708182001, 43.6620573990966]}"
6673,14206623,2198,Yonge St,2198 Yonge St,M4S 2B8,former Toronto,Toronto,Toronto-St. Paul's (12),,115001,14230407,2198,,,,4733,,,-79.39842714,43.70589138,42,Bike Rack,Soudan Ave,16,2.9,2016,N/A,,4,"{""type"": ""Point"", ""coordinates"": [-79.3984239071573, 43.7058827894606]}"
6674,10494377,222,Spadina Ave,222 Spadina Ave,M5T 3B3,former Toronto,Toronto,Spadina-Fort York (10),,115001,10494181,222,,,,4426,,,-79.397841,43.65093724,44,Bike Rack,Spadina Ave,16,2.9,2016,N/A,,5,"{""type"": ""Point"", ""coordinates"": [-79.3978377650267, 43.6509286638588]}"
6675,765142,236,Augusta Ave,236 Augusta Ave,M5T 2L7,former Toronto,Toronto,University-Rosedale (11),,107010,1144604,236,,,,2918,,,-79.40259812,43.65535409,45,Bike Corral,Augusta Ave,24,12,2012,Y,,6,"{""type"": ""Point"", ""coordinates"": [-79.4025948745683, 43.6553455061522]}"
6676,30035743,36,Lisgar St,36 Lisgar St,M6J 0C7,former Toronto,Toronto,Davenport (9),,100002,14024655,36,,,,3859,,,-79.42331575,43.64173864,59,Bike Rack,Lisgar St,8,2.9,2016,N/A,,7,"{""type"": ""Point"", ""coordinates"": [-79.4233157461113, 43.6417386470507]}"
6677,10223676,468,King St W,468 King St W,M5V 1L8,former Toronto,Toronto,Spadina-Fort York (10),,115001,10223667,468,,,,3780,,,-79.39592996,43.64555367,70,Bike Rack,King St W,8,2.9,2016,N/A,,8,"{""type"": ""Point"", ""coordinates"": [-79.3959267185292, 43.645545087493]}"
6678,14211049,5,Walmer Rd,5 Walmer Rd,,former Toronto,Toronto,University-Rosedale (11),,115001,10759044,5,,,,940,,,-79.40538162,43.66671109,76,Bike Rack,Walmer Rd,8,2.9,2016,N/A,,9,"{""type"": ""Point"", ""coordinates"": [-79.4053783829308, 43.6667025082735]}"
6679,10223683,500,King St W,500 King St W,M5V 1L9,former Toronto,Toronto,Spadina-Fort York (10),,115001,10223667,500,,,,3780,,,-79.39680837,43.64532424,78,Bike Rack,King St W,8,2.9,2016,N/A,,10,"{""type"": ""Point"", ""coordinates"": [-79.3968051380048, 43.6453156558296]}"
6680,13991066,584,Bloor St W,584 Bloor St W,M6G 1K4,former Toronto,Toronto,University-Rosedale (11),,115001,8353520,584,,,,458,,,-79.41269685,43.66510925,85,Bike Rack,,8,2.9,2017,N/A,,11,"{""type"": ""Point"", ""coordinates"": [-79.4126936121623, 43.6651006726937]}"
6681,8416837,692,Bloor St W,692 Bloor St W,M6G 1L4,former Toronto,Toronto,University-Rosedale (11),,115001,8416823,692,,,,458,,,-79.4174365,43.66398582,95,Bike Rack,Clinton Pl,16,2.9,2016,N/A,,12,"{""type"": ""Point"", ""coordinates"": [-79.4174332539337, 43.6639772447612]}"
6682,7792587,790,Bay St,790 Bay St,M5G 1N8,former Toronto,Toronto,University-Rosedale (11),,104008,7792579,790,,,,2962,,,-79.38617832,43.66045455,105,Bike Rack,Bay St,8,2.9,2016,N/A,,13,"{""type"": ""Point"", ""coordinates"": [-79.3861750845428, 43.6604459643503]}"
6683,880972,241,Wellington St W,241 Wellington St W,,former Toronto,Toronto,Spadina-Fort York (10),,113001,1146352,241,,,,4652,,,-79.39001664,43.64496072,46,Bike Rack,John St,16,2.9,2016,N/A,,14,"{""type"": ""Point"", ""coordinates"": [-79.3900134101984, 43.6449521397727]}"
6684,7994464,40,High Park Ave,40 High Park Ave,M6P 2S1,former Toronto,Toronto,Parkdale-High Park (4),,115001,7994458,40,,,,3660,,,-79.4663714,43.6547198,63,Bike Shelter,High Park Ave,20,10,2013,N/A,,15,"{""type"": ""Point"", ""coordinates"": [-79.4663681478908, 43.6547112224053]}"
6685,856375,100,Queen St W,100 Queen St W,M5H 2N1,former Toronto,Toronto,Spadina-Fort York (10),Nathan Phillips Square,104001,1145216,100,,,,4238,,,-79.38362506,43.65282214,4,Bike Rack,Queen St W,120,2.9,2015,N/A,,16,"{""type"": ""Point"", ""coordinates"": [-79.3836250552132, 43.6528221423182]}"
6686,856701,686,Queen St W,686 Queen St W,M6J 1E7,former Toronto,Toronto,Spadina-Fort York (10),,104008,1146191,686,,,,4238,,,-79.40794703,43.64658678,94,Bike Shelter,Euclid Ave,10,3,2015,N/A,,17,"{""type"": ""Point"", ""coordinates"": [-79.4079437964715, 43.646578203587]}"
6687,866475,180,Shaw St,180 Shaw St,M6J 2W5,former Toronto,Toronto,Spadina-Fort York (10),Givins/Shaw Ps Jr. & Sr.,102001,14018156,180,,,,4388,,,-79.41758951,43.64690749,28,Bike Shelter,Shaw St,18,7.6,2013,N/A,,18,"{""type"": ""Point"", ""coordinates"": [-79.4175862610454, 43.6468989083573]}"
6688,887713,1140,Yonge St,1140 Yonge St,M4W 2L8,former Toronto,Toronto,University-Rosedale (11),,112001,1140465,1140,,,,4733,,,-79.3910504,43.67951883,11,Bike Rack,Malborough Ave,8,2.9,2016,N/A,,19,"{""type"": ""Point"", ""coordinates"": [-79.3910471597584, 43.6795102439657]}"
6689,310564,150,Borough Dr,150 Borough Dr,M1P 4N7,Scarborough,Toronto,Scarborough Centre (21),Albert Campbell Square,104001,107945,150,,,,7397,,,-79.25724096,43.77281059,22,Bike Rack,Borough Dr,8,2.9,2014,N/A,,20,"{""type"": ""Point"", ""coordinates"": [-79.2572409578119, 43.772810586741]}"
6690,7730108,350,Victoria St,350 Victoria St,M5B 2K3,former Toronto,Toronto,Toronto Centre (13),,115001,30060911,350,,,,9790,,,-79.38047983,43.65776563,55,Bike Rack,Gould St,8,2.9,2016,N/A,,21,"{""type"": ""Point"", ""coordinates"": [-79.3804798260292, 43.6577656354656]}"
6691,8353493,266,King St E,266 King St E,M5A 1K3,former Toronto,Toronto,Toronto Centre (13),,115001,8353517,266,,,,3779,,,-79.36634528,43.6519713,48,Bike Rack,Ontario St,8,2.9,2016,N/A,,22,"{""type"": ""Point"", ""coordinates"": [-79.3663420506319, 43.6519627216596]}"
6692,7642554,277,Victoria St,277 Victoria St,M5B 1W2,former Toronto,Toronto,Toronto Centre (13),,104008,30075808,277,,,,9790,,,-79.37933858,43.65655891,50,Bike Rack,Dundas St E,8,2.9,2016,N/A,,23,"{""type"": ""Point"", ""coordinates"": [-79.3793385702209, 43.6565589127866]}"
6693,10864283,28,Duncan St,28 Duncan St,,former Toronto,Toronto,Spadina-Fort York (10),,115001,14036084,28,,,,3331,,,-79.38921312,43.64878977,51,Bike Corral,Nelson St,14,5.5,2015,NO,,24,"{""type"": ""Point"", ""coordinates"": [-79.3892098795828, 43.6487811930649]}"
6694,30069161,35,York St,35 York St,M5J 0C7,former Toronto,Toronto,Spadina-Fort York (10),,108002,13975053,35,,,,4735,,,-79.3814651,43.64379067,54,Angled Bike Rack,Front St W,30,2.9,2015,N/A,,25,"{""type"": ""Point"", ""coordinates"": [-79.3814651014112, 43.6437906731595]}"
6695,7929475,357,Bay St,357 Bay St,M5H 2T7,former Toronto,Toronto,Toronto Centre (13),,115001,7929469,357,,,,2962,,,-79.38088024,43.65084299,57,Bike Rack,Temperance St,8,2.9,2016,N/A,,26,"{""type"": ""Point"", ""coordinates"": [-79.3808769998818, 43.6508344042378]}"
6696,10736597,362,Bloor St W,362 Bloor St W,M5S 1X2,former Toronto,Toronto,University-Rosedale (11),The Living Stone Church,109001,10736589,362,,,,458,,,-79.4057872,43.66652202,60,Bike Rack,Walmer Rd,8,2.9,2016,N/A,,27,"{""type"": ""Point"", ""coordinates"": [-79.4057839572486, 43.6665134281721]}"
6697,12562241,375,St Clair Ave W,375 St Clair Ave W,,former Toronto,Toronto,Toronto-St. Paul's (12),Nordheimer Ravine,106001,30076115,375,,,,890,,,-79.41432903,43.68369463,61,Bike Shelter,St Clair Ave W,20,10,2011,N/A,,28,"{""type"": ""Point"", ""coordinates"": [-79.4143290305209, 43.6836946284848]}"
6698,10258457,40,Orchard View Blvd,40 Orchard View Blvd,M4R 1B9,former Toronto,Toronto,Eglinton-Lawrence (8),Northern District Public Library,107009,10258454,40,,,,4111,,,-79.40006729,43.70827849,64,Bike Rack,Roehampton Ave,8,2.9,2016,N/A,,29,"{""type"": ""Point"", ""coordinates"": [-79.4000640484789, 43.7082699050511]}"
6699,7730077,400,Yonge St,400 Yonge St,,former Toronto,Toronto,University-Rosedale (11),,115001,7730098,400,,,,4733,,,-79.38265005,43.65955035,65,Bike Rack,Gerrard St W,8,2.9,2016,N/A,,30,"{""type"": ""Point"", ""coordinates"": [-79.3826468222771, 43.6595417581254]}"
6700,785313,429,College St,429 College St,M5T 1T2,former Toronto,Toronto,University-Rosedale (11),,104008,1144402,429,,,,9765,,,-79.40728803,43.65629181,66,Bike Rack,Bathurst St,8,2.9,2016,N/A,,31,"{""type"": ""Point"", ""coordinates"": [-79.4072847841266, 43.6562832334017]}"
6701,9980658,449,Parliament St,449 Parliament St,M5A 3A3,former Toronto,Toronto,Toronto Centre (13),,115001,14023933,449,,,,4162,,,-79.36716587,43.66351517,69,Bike Rack,Spruce St,8,2.9,2016,N/A,,32,"{""type"": ""Point"", ""coordinates"": [-79.3671626414988, 43.6635065844203]}"
6702,30038007,47,Lower River St,47 Lower River St,M5A 0G1,former Toronto,Toronto,Toronto Centre (13),,100002,30037989,47,,,,19546,,,-79.35554106,43.6564986,71,Bike Rack,Trolley Cres,24,2.9,2016,N/A,,33,"{""type"": ""Point"", ""coordinates"": [-79.35554106317, 43.65649859699091]}"
6703,11180397,49,Givins St,49 Givins St,M6J 2X5,former Toronto,Toronto,Spadina-Fort York (10),Givins/Shaw Public School,102002,11180398,49,,,,3505,,,-79.41758754,43.64641624,72,Bike Rack,Shaw St,8,2.9,2013,N/A,,34,"{""type"": ""Point"", ""coordinates"": [-79.4175842923766, 43.6464076573477]}"
6704,854435,50,Portland St,50 Portland St,M5V 2M7,former Toronto,Toronto,Spadina-Fort York (10),,112001,14025624,50,,,,9780,,,-79.39996544,43.64339526,77,Bike Corral,Wellington St W,14,5.5,2016,NO,,35,"{""type"": ""Point"", ""coordinates"": [-79.3999654356682, 43.6433952592458]}"
6705,10222755,511,King St W,511 King St W,M5V 2Z4,former Toronto,Toronto,Spadina-Fort York (10),,115001,10222754,511,,,,3780,,,-79.39785266,43.64463214,80,Bike Rack,King St W,8,2.9,2016,N/A,,36,"{""type"": ""Point"", ""coordinates"": [-79.3978494175301, 43.6446235513294]}"
6706,2854062,522,University Ave,522 University Ave,M5G 1W7,former Toronto,Toronto,University-Rosedale (11),,104008,2854059,522,,,,4583,,,-79.38938336,43.65592702,82,Bike Rack,Elm St,16,2.9,2016,N/A,,37,"{""type"": ""Point"", ""coordinates"": [-79.3893801203605, 43.6559184351809]}"
6707,30028624,539,Parliament St,539 Parliament St,M4X 1P7,former Toronto,Toronto,Toronto Centre (13),,112001,9980335,539,,,,4162,,,-79.36847237,43.66604078,83,Bike Rack,Winchester St,8,2.9,2016,N/A,,38,"{""type"": ""Point"", ""coordinates"": [-79.3684723713959, 43.6660407871926]}"
6708,10864312,61,Front St W,61 Front St W,M5J 1E5,former Toronto,Toronto,Spadina-Fort York (10),,115001,10864309,61,,,,3472,,,-79.38007328,43.64525399,87,Bike Rack,Front St,72,2.9,2015,N/A,,39,"{""type"": ""Point"", ""coordinates"": [-79.3800700536371, 43.6452454056884]}"
6709,51630,5,Bartonville Ave E,5 Bartonville Ave E,M6M 2B1,York,Toronto,York South-Weston (5),,104008,20112838,5,,,,433,,,-79.49458594,43.68949318,74,Bike Rack,,8,2.9,2017,N/A,,40,"{""type"": ""Point"", ""coordinates"": [-79.494582675061, 43.6894845939346]}"
6710,10180172,621,King St W,621 King St W,M5V 1M5,former Toronto,Toronto,Spadina-Fort York (10),,115001,14674278,621,,,,3780,,,-79.40115308,43.64401146,89,Bike Rack,King St W,8,2.9,2016,N/A,,41,"{""type"": ""Point"", ""coordinates"": [-79.40114984598262, 43.6440028829522]}"
6711,30033825,636,Queen St E,636 Queen St E,M4M 1G3,former Toronto,Toronto,Toronto-Danforth (14),,112001,11585489,636,,,,4237,,,-79.35259535,43.65843223,90,Bike Rack,Caroll St,8,2.9,2016,N/A,,42,"{""type"": ""Point"", ""coordinates"": [-79.3525953501831, 43.6584322328156]}"
6712,8416907,675,Bloor St W,675 Bloor St W,M6G 1L3,former Toronto,Toronto,University-Rosedale (11),,115001,8416891,675,,,,458,,,-79.4162571,43.66381481,93,Bike Rack,Manning Ave,56,2.9,2016,N/A,,43,"{""type"": ""Point"", ""coordinates"": [-79.4162538549835, 43.663806234493]}"
6713,10906649,720,Bay St,720 Bay St,M5G 2K1,former Toronto,Toronto,University-Rosedale (11),,115001,10906644,720,,,,2962,,,-79.38548817,43.65884569,100,Bike Rack,Gerrard St W,8,2.9,2016,N/A,,44,"{""type"": ""Point"", ""coordinates"": [-79.3854849354963, 43.6588371126302]}"
6714,14120392,736,Bay St,736 Bay St,M5G 2M4,former Toronto,Toronto,University-Rosedale (11),,115001,7792579,736,,,,2962,,,-79.38565028,43.65935206,101,Bike Rack,Bay St,8,2.9,2016,N/A,,45,"{""type"": ""Point"", ""coordinates"": [-79.3856470491767, 43.6593434836471]}"
6715,10386594,743,Pape Ave,743 Pape Ave,M4K 3T1,former Toronto,Toronto,Toronto-Danforth (14),,115001,10386591,743,,,,280,,,-79.34501561,43.67989591,102,Bike Rack,Lipton Ave,32,2.9,2015,N/A,,46,"{""type"": ""Point"", ""coordinates"": [-79.34501238477131, 43.6798873239788]}"
6716,7569577,798,Richmond St W,798 Richmond St W,M6J 3P3,former Toronto,Toronto,Spadina-Fort York (10),,100002,7569576,798,,,,4277,,,-79.4098141,43.6451383,106,Bike Rack,Niagara St,16,2.9,2016,N/A,,47,"{""type"": ""Point"", ""coordinates"": [-79.4098108572165, 43.6451297244944]}"
6717,785507,802,College St,802 College St,M6G 1C8,former Toronto,Toronto,University-Rosedale (11),,107010,1144782,802,,,,9765,,,-79.42171311,43.6548529,107,Bike Rack,Roxton Rd,8,2.9,2016,N/A,,48,"{""type"": ""Point"", ""coordinates"": [-79.4217098646824, 43.65484431893961]}"
6718,773004,813,Bloor St W,813 Bloor St W,M6G 1L8,former Toronto,Toronto,University-Rosedale (11),,112001,30039479,813,,,,458,,,-79.42176294,43.66255381,108,Bike Rack,Bloor St W,8,2.9,2014,N/A,,49,"{""type"": ""Point"", ""coordinates"": [-79.4217629457854, 43.6625538026018]}"
6719,785590,940,College St,940 College St,M6H 1A5,former Toronto,Toronto,Davenport (9),,107010,14018364,940,,,,9765,,,-79.42663096,43.65375156,114,Bike Rack,Dovercourt Rd,8,2.9,2016,N/A,,50,"{""type"": ""Point"", ""coordinates"": [-79.4266277065843, 43.6537429799659]}"
6720,773158,1034,Bloor St W,1034 Bloor St W,M6H 1M3,former Toronto,Toronto,Davenport (9),,107010,1143821,1034,,,,458,,,-79.43193747,43.66089346,8,Angled Bike Rack,Salem Ave,5,2.9,2016,N/A,,51,"{""type"": ""Point"", ""coordinates"": [-79.4319342255372, 43.6608848734219]}"
6721,10334643,12,Emerson Ave,12 Emerson Ave,M6H 3S8,former Toronto,Toronto,Davenport (9),,115001,14012771,12,,,,3396,,,-79.44131654,43.65939156,14,Bike Corral,Emerson Ave,14,5.5,2014,NO,,52,"{""type"": ""Point"", ""coordinates"": [-79.4413132921915, 43.659382977936104]}"
6722,20364714,82,Fort York Blvd,82 Fort York Blvd,M5V 4A6,former Toronto,Toronto,Spadina-Fort York (10),,112001,30036751,82,,,,15826,,,-79.39677083,43.64002178,109,Bike Rack,Fort York Blvd,8,2.9,2016,N/A,,53,"{""type"": ""Point"", ""coordinates"": [-79.3967708309412, 43.6400217734976]}"
6723,20040470,65,Dundas St W,65 Dundas St W,M5G 2C3,former Toronto,Toronto,Toronto Centre (13),Eaton Centre Retail Entr,112001,7762832,65,,,,558,,,-79.38301052,43.65560236,91,Bike Rack,Bay St,32,2.9,2016,N/A,,54,"{""type"": ""Point"", ""coordinates"": [-79.3830072851693, 43.6555937758623]}"
6724,10576992,860,College St,860 College St,M6H 1A2,former Toronto,Toronto,Davenport (9),,115001,10576972,860,,,,9765,,,-79.42385716,43.65446607,110,Bike Rack,Concord Ave,8,2.9,2016,N/A,,55,"{""type"": ""Point"", ""coordinates"": [-79.4238539128414, 43.6544574848038]}"
6725,6047970,901,King St W,901 King St W,M5V 3H5,former Toronto,Toronto,Spadina-Fort York (10),,115001,14024874,901,,,,3780,,,-79.41125002,43.64188101,111,Bike Rack,King St W,8,2.9,2016,N/A,,56,"{""type"": ""Point"", ""coordinates"": [-79.4112467840044, 43.6418724238127]}"
6726,30039986,92,Fort York Blvd,92 Fort York Blvd,M5V 4A7,former Toronto,Toronto,Spadina-Fort York (10),,115001,30036751,92,,,,15826,,,-79.39696818,43.6399814,112,Bike Rack,Fort York Blvd,8,2.9,2016,N/A,,57,"{""type"": ""Point"", ""coordinates"": [-79.3969681695071, 43.6399814003218]}"
6727,30035793,92,Sudbury St,92 Sudbury St,M6J 0C5,former Toronto,Toronto,Davenport (9),,112001,7553518,92,,,,4502,,,-79.42316564,43.64134589,113,Bike Corral,Lisgar St,14,5.5,2017,NO,,58,"{""type"": ""Point"", ""coordinates"": [-79.4231656377467, 43.6413458972849]}"
6728,30035742,44,Lisgar St,44 Lisgar St,,former Toronto,Toronto,Davenport (9),,107010,14024655,44,,,,3859,,,-79.42344119,43.64208654,67,Bike Rack,Lisgar St,8,2.9,2016,N/A,,59,"{""type"": ""Point"", ""coordinates"": [-79.4234411856628, 43.6420865352289]}"
6729,11075760,95,Front St E,95 Front St E,M5E 1C2,former Toronto,Toronto,Toronto Centre (13),,115001,11075761,95,,,,3471,,,-79.37149694,43.64918984,115,Bike Rack,Lower Jarvis St,8,2.9,2014,N/A,,60,"{""type"": ""Point"", ""coordinates"": [-79.3714937127787, 43.6491812588323]}"
6730,379258,95,River Grove Dr,95 River Grove Dr,M1W 3T8,Scarborough,Toronto,Scarborough-Agincourt (22),,100001,20052191,95,,,,8803,,,-79.31739288,43.8209557,116,Bike Rack,Kennedy Rd,8,2.9,2016,N/A,,61,"{""type"": ""Point"", ""coordinates"": [-79.3173896510384, 43.8209470944401]}"
6731,10034904,953,Gerrard St E,953 Gerrard St E,M4M 1Z4,former Toronto,Toronto,Toronto-Danforth (14),"Matty Eckler Playground,Pape Avenue Playground",106007,10034902,953,,,,3495,,,-79.33939699,43.66805367,117,Bike Rack,Pape Ave,16,2.9,2016,N/A,,62,"{""type"": ""Point"", ""coordinates"": [-79.3393969830404, 43.668053671131]}"
6732,10335151,695,Lansdowne Ave,695 Lansdowne Ave,M6H 3Y9,former Toronto,Toronto,Davenport (9),,115001,14012788,695,,,,3814,,,-79.44281043,43.65912904,97,Bike Rack,Lansdowne Ave,8,2.9,2014,N/A,,63,"{""type"": ""Point"", ""coordinates"": [-79.4428104294615, 43.6591290436207]}"
6733,825934,55,John St,55 John St,M5V 3C6,former Toronto,Toronto,Spadina-Fort York (10),Metro Hall,104008,1146312,55,,,,9747,,,-79.38893473,43.64616238,84,Bike Rack,John St,16,2.9,2015,N/A,,64,"{""type"": ""Point"", ""coordinates"": [-79.3889314920572, 43.6461537935103]}"
6734,14171704,300,Victoria St,300 Victoria St,,former Toronto,Toronto,Toronto Centre (13),,115001,30075809,300,,,,9790,,,-79.38023768,43.65751263,52,Bike Rack,Gould St,32,2.9,2016,N/A,,65,"{""type"": ""Point"", ""coordinates"": [-79.3802376738898, 43.6575126331535]}"
6735,30015452,138,Fort York Blvd,138 Fort York Blvd,M5V 0E3,former Toronto,Toronto,Spadina-Fort York (10),,100001,30015458,138,,,,15826,,,-79.39879034,43.63938934,20,Bike Rack,Ft York Blvd,8,2.9,2016,N/A,,66,"{""type"": ""Point"", ""coordinates"": [-79.3987871031906, 43.6393807610521]}"
6736,8312904,1595,Dupont St,1595 Dupont St,M6P 3S8,former Toronto,Toronto,Davenport (9),,115001,8312902,1595,,,,3343,,,-79.45422257,43.66494447,26,Bike Rack,Franklin Ave,8,2.9,2017,N/A,,67,"{""type"": ""Point"", ""coordinates"": [-79.4542193179898, 43.66493588945121]}"
6737,8408498,2,Bloor St W,2 Bloor St W,M4W 3E2,former Toronto,Toronto,University-Rosedale (11),,115001,10759265,2,,,,458,,,-79.38723329,43.67040902,32,Bike Rack,Yonge St,32,2.9,2016,N/A,,68,"{""type"": ""Point"", ""coordinates"": [-79.3872300479029, 43.6704004360083]}"
6738,10430677,2000,Yonge St,2000 Yonge St,M4S 1Z7,former Toronto,Toronto,Toronto-St. Paul's (12),,115001,10430667,2000,,,,4733,,,-79.39738479,43.70048292,37,Bike Rack,Glebe Rd W,8,2.9,2016,N/A,,69,"{""type"": ""Point"", ""coordinates"": [-79.3973815441376, 43.7004743321706]}"
6739,20111213,22,Fort York Blvd,22 Fort York Blvd,M5V 3Z2,former Toronto,Toronto,Spadina-Fort York (10),,112001,20035046,22,,,,15826,,,-79.39419964,43.64056672,43,Bike Rack,Fort York Blvd,8,2.9,2017,N/A,,70,"{""type"": ""Point"", ""coordinates"": [-79.394196399307, 43.6405581341619]}"
6740,9942213,268,College St,268 College St,M5T 1S1,former Toronto,Toronto,University-Rosedale (11),,115001,14022731,268,,,,9765,,,-79.40051496,43.65814872,49,Bike Corral,College St,14,5.5,2016,NO,,71,"{""type"": ""Point"", ""coordinates"": [-79.4005149553641, 43.6581487248445]}"
6741,6292601,3530,Sheppard Ave E,3530 Sheppard Ave E,M1T 3K7,Scarborough,Toronto,Scarborough-Agincourt (22),Holy Spirit Catholic School,102003,6292597,3530,,,,6698,,,-79.30309947,43.78121636,56,Bike Rack,Sheppard Ave E,8,2.9,2014,N/A,,72,"{""type"": ""Point"", ""coordinates"": [-79.303096242086, 43.7812077532627]}"
6742,10223670,441,King St W,441 King St W,M5V 1K4,former Toronto,Toronto,Spadina-Fort York (10),,115001,10223667,441,,,,3780,,,-79.39567153,43.64514883,68,Bike Rack,King St W,8,2.9,2016,N/A,,73,"{""type"": ""Point"", ""coordinates"": [-79.3956715228578, 43.6451488396696]}"
6743,12107167,490,Bloor St W,490 Bloor St W,M5S 1X8,former Toronto,Toronto,University-Rosedale (11),,115001,12107157,490,,,,458,,,-79.40976545,43.66563692,73,Bike Rack,Albany Ave,8,2.9,2016,N/A,,74,"{""type"": ""Point"", ""coordinates"": [-79.4097622062528, 43.6656283409671]}"
6744,772852,509,Bloor St W,509 Bloor St W,M5S 1Y2,former Toronto,Toronto,University-Rosedale (11),,107010,1142919,509,,,,458,,,-79.40838924,43.66546948,79,Bike Rack,Borden St W,8,2.9,2017,N/A,,75,"{""type"": ""Point"", ""coordinates"": [-79.4083859964734, 43.66546090160741]}"
6745,8292528,666,Queen St E,666 Queen St E,M4M 1G8,former Toronto,Toronto,Toronto-Danforth (14),,107010,8292524,666,,,,4237,,,-79.35150051,43.65869889,92,Bike Rack,Munro St,8,2.9,2016,N/A,,76,"{""type"": ""Point"", ""coordinates"": [-79.3515005142531, 43.6586988939243]}"
6746,7389731,71,Second St,71 Second St,M8V 2X4,Etobicoke,Toronto,Etobicoke-Lakeshore (3),Second Street Junior Middle School,102001,7389724,71,,,,2447,,,-79.49976953,43.60367699,99,Bike Rack,Second St,8,2.9,2016,N/A,,77,"{""type"": ""Point"", ""coordinates"": [-79.4997662581739, 43.6036684223915]}"
6747,8293016,1485,Dupont St,1485 Dupont St,M6P 3S2,former Toronto,Toronto,Davenport (9),,115001,14013265,1485,,,,3343,,,-79.45019058,43.66579933,21,Bike Corral,Campbell Ave,14,5.5,2016,NO,,78,"{""type"": ""Point"", ""coordinates"": [-79.4501905747648, 43.6657993325492]}"
6748,828085,200,King St E,200 King St E,M5A 3W8,former Toronto,Toronto,Toronto Centre (13),,102007,1145266,200,,,,3779,,,-79.37018888,43.65110905,35,Bike Rack,Adelaide St E and Frederick St,16,2.9,2017,N/A,,79,"{""type"": ""Point"", ""coordinates"": [-79.3701856618948, 43.651100464233]}"
6749,828085,200,King St E,200 King St E,M5A 3W8,former Toronto,Toronto,Toronto Centre (13),,102007,1145266,200,,,,3779,,,-79.37018888,43.65110905,34,Bike Corral,George St,14,10,2014,NO,,80,"{""type"": ""Point"", ""coordinates"": [-79.3701856618948, 43.651100464233]}"
6750,772775,315,Bloor St W,315 Bloor St W,M5S 1A3,former Toronto,Toronto,University-Rosedale (11),,102007,1142564,315,,,,458,,,-79.39856569,43.66745553,53,Bike Rack,Bloor St W,8,2.9,2016,N/A,,81,"{""type"": ""Point"", ""coordinates"": [-79.3985624500635, 43.6674469424306]}"
6751,7466874,516,Glenlake Ave,516 Glenlake Ave,,former Toronto,Toronto,Parkdale-High Park (4),Glenlake Square,106001,7466844,516,,,,3546,,,-79.47410482,43.65612124,81,Bike Rack,Glendonwynne Rd,8,2.9,2017,N/A,,82,"{""type"": ""Point"", ""coordinates"": [-79.4741048220362, 43.6561212464489]}"
6752,8416838,693,Bloor St W,693 Bloor St W,M6G 1L5,former Toronto,Toronto,University-Rosedale (11),,115001,8416823,693,,,,458,,,-79.41735445,43.66354956,96,Bike Rack,Clinton St,8,2.9,2016,N/A,,83,"{""type"": ""Point"", ""coordinates"": [-79.4173511984097, 43.6635409715405]}"
6753,828221,150,King St W,150 King St W,M5H 1J9,former Toronto,Toronto,Spadina-Fort York (10),,104008,1145855,150,,,,3780,,,-79.3842355,43.64822286,23,Bike Rack,University Ave,8,2.9,2017,N/A,,84,"{""type"": ""Point"", ""coordinates"": [-79.3842322745632, 43.6482142784795]}"
6754,30019115,35D,Bathurst St,35D Bathurst St,M5V 2P2,former Toronto,Toronto,Spadina-Fort York (10),,112001,8457361,35,D,,,436,,,-79.40172821,43.64223429,58,Bike Rack,Bathurst St,8,2.9,2016,N/A,,85,"{""type"": ""Point"", ""coordinates"": [-79.4017249691284, 43.642225715835]}"
6755,367443,71,New Forest Sq,71 New Forest Sq,M1V 2Z6,Scarborough,Toronto,Scarborough-Agincourt (22),,100001,20050441,71,,,,9497,,,-79.30745062,43.82304172,98,Bike Rack,Steeles Ave E,8,2.9,2016,N/A,,86,"{""type"": ""Point"", ""coordinates"": [-79.3074473906934, 43.8230331061332]}"
6756,14199241,11,Charlotte St,11 Charlotte St,M5V 0M6,former Toronto,Toronto,Spadina-Fort York (10),,115001,14025593,11,,,,3147,,,-79.39366988,43.64637784,10,Bike Rack,Charlotte St,8,2.9,2017,N/A,,87,"{""type"": ""Point"", ""coordinates"": [-79.3936698784778, 43.6463778424247]}"
6757,11272519,1560,Yonge St,1560 Yonge St,M4T 2S9,former Toronto,Toronto,Toronto-St. Paul's (12),,115001,14242419,1560,,,,4733,,,-79.39513015,43.68968694,24,Bike Rack,Delisle Ave,8,2.9,2016,N/A,,88,"{""type"": ""Point"", ""coordinates"": [-79.3951269012401, 43.6896783530003]}"
6758,772899,612,Bloor St W,612 Bloor St W,M6G 1K7,former Toronto,Toronto,University-Rosedale (11),,107010,1143160,612,,,,458,,,-79.41384207,43.66474275,88,Bike Rack,,8,2.9,0,N/A,,89,"{""type"": ""Point"", ""coordinates"": [-79.4138388158142, 43.6647341700049]}"
6759,773157,1032,Bloor St W,1032 Bloor St W,M6H 1M2,former Toronto,Toronto,Davenport (9),,107010,1143789,1032,,,,458,,,-79.43160951,43.66096551,7,Bike Rack,Salem Ave,8,2.9,2015,N/A,,90,"{""type"": ""Point"", ""coordinates"": [-79.4316062598435, 43.6609569224605]}"
6760,20364734,157,Dan Leckie Way,157 Dan Leckie Way,M5V 4A8,former Toronto,Toronto,Spadina-Fort York (10),,100001,20364648,157,,,,17007,,,-79.39800554,43.63989311,25,Bike Rack,Dan Leckie Way,8,2.9,2016,N/A,,91,"{""type"": ""Point"", ""coordinates"": [-79.3980055327274, 43.6398931179215]}"
6761,7792268,595,Bay St,595 Bay St,M5G 2C2,former Toronto,Toronto,University-Rosedale (11),,104008,7792266,595,,,,2962,,,-79.38330106,43.65622103,86,Bike Rack,Dundas St W,8,2.9,2016,N/A,,92,"{""type"": ""Point"", ""coordinates"": [-79.3832978278682, 43.6562124477002]}"
6762,14210933,5,Salem Ave,5 Salem Ave,M6H 3C2,former Toronto,Toronto,Davenport (9),,115001,14011464,5,,,,4354,,,-79.43156335,43.66085371,75,Bike Rack,Salem Ave,8,2.9,2014,N/A,,93,"{""type"": ""Point"", ""coordinates"": [-79.4315601023945, 43.6608451251421]}"
6763,14210930,1036,Bloor St W,1036 Bloor St W,M6H 1M3,former Toronto,Toronto,Davenport (9),,115001,1143821,1036,,,,458,,,-79.43194161,43.6608299,9,Bike Rack,Bloor St W,8,2.9,2014,N/A,,94,"{""type"": ""Point"", ""coordinates"": [-79.4319383641102, 43.6608213173929]}"
6764,8417835,1,Albany Ave,1 Albany Ave,M5R 3C2,former Toronto,Toronto,University-Rosedale (11),,115001,14014600,1,,,,2859,,,-79.40994183,43.66572878,1,Bike Rack,Bloor St W,8,2.9,2017,N/A,,95,"{""type"": ""Point"", ""coordinates"": [-79.4099385908683, 43.6657201946865]}"
6765,20362129,163,Dan Leckie Way,163 Dan Leckie Way,M5V 4A8,former Toronto,Toronto,Spadina-Fort York (10),,100001,20364648,163,,,,17007,,,-79.39806861,43.6400542,27,Bike Rack,Iceboat Ter,8,2.9,2016,N/A,,96,"{""type"": ""Point"", ""coordinates"": [-79.3980686081508, 43.6400541998147]}"
6766,7641709,26,Dundas St E,26 Dundas St E,M5B 2L6,former Toronto,Toronto,Toronto Centre (13),,115001,7641747,26,,,,3334,,,-79.37998075,43.65652616,47,Bike Rack,Victoria St,8,2.9,2017,N/A,,97,"{""type"": ""Point"", ""coordinates"": [-79.3799775246031, 43.6565175761293]}"
6767,13968174,38,Orchard View Blvd,38 Orchard View Blvd,M4R 2G3,former Toronto,Toronto,Eglinton-Lawrence (8),,107009,10258454,38,,,,4111,,,-79.39968338,43.70822531,62,Bike Rack,Yonge St,8,2.9,2016,N/A,,98,"{""type"": ""Point"", ""coordinates"": [-79.39968014457341, 43.708216713311]}"
6768,7929674,200,King St W,200 King St W,M5H 3T4,former Toronto,Toronto,Spadina-Fort York (10),,104008,7929673,200,,,,3780,,,-79.38572365,43.64791386,36,Bike Rack,University Ave,8,2.9,2016,N/A,,99,"{""type"": ""Point"", ""coordinates"": [-79.3857204176048, 43.6479052737837]}"
6769,3120556,1030,King St W,1030 King St W,M6K 0B4,former Toronto,Toronto,Spadina-Fort York (10),,113001,3155022,1030,,,,3780,,,-79.41576192,43.64158943,6,Bike Rack,King St W,16,2.9,2016,N/A,,100,"{""type"": ""Point"", ""coordinates"": [-79.4157586754681, 43.6415808536674]}"
6770,10154425,1,St Clair Ave E,1 St Clair Ave E,M4T 2V7,former Toronto,Toronto,Toronto-St. Paul's (12),,115001,10154405,1,,,,339,,,-79.39357412,43.68791975,2,Bike Rack,Yonge St,24,2.9,2016,N/A,,101,"{""type"": ""Point"", ""coordinates"": [-79.3935708744087, 43.6879111568366]}"
6771,7939998,10,Linnsmore Cres,10 Linnsmore Cres,M4J 4J6,former Toronto,Toronto,Toronto-Danforth (14),,115001,14023269,10,,,,11375,,,-79.33029539,43.68258062,3,Bike Rack,Linnsmore Cr,18,2.9,2016,N/A,,102,"{""type"": ""Point"", ""coordinates"": [-79.330292170892, 43.6825720317076]}"
6772,20140670,101,Sherbourne St,101 Sherbourne St,M5A 2R3,former Toronto,Toronto,Toronto Centre (13),,112001,1144819,101,,,,4391,,,-79.36891493,43.65367074,5,Bike Rack,Richmond St E,8,2.9,2016,N/A,,103,"{""type"": ""Point"", ""coordinates"": [-79.3689116973164, 43.6536621558492]}"
6773,7553175,1184,Queen St W,1184 Queen St W,M6J 1J5,former Toronto,Toronto,Davenport (9),,115001,7553178,1184,,,,4238,,,-79.42578795,43.64303708,12,Bike Corral,Northcote Ave,14,5.5,2013,NO,,104,"{""type"": ""Point"", ""coordinates"": [-79.4257846968092, 43.6430284991501]}"
6774,30072958,1190,Dundas St E,1190 Dundas St E,M4M 0C5,former Toronto,Toronto,Toronto-Danforth (14),,115001,7576995,1190,,,,3334,,,-79.34103364,43.66526753,13,Bike Rack,Carlaw Ave,8,2.9,2016,N/A,,105,"{""type"": ""Point"", ""coordinates"": [-79.3410336455927, 43.6652675256312]}"
6775,8408615,12,Madison Ave,12 Madison Ave,M5R 2S1,former Toronto,Toronto,University-Rosedale (11),,115001,30104520,12,,,,3896,,,-79.40332134,43.6677592,15,Bike Rack,Madison Ave,8,2.9,2016,N/A,,106,"{""type"": ""Point"", ""coordinates"": [-79.4033213402764, 43.6677591999227]}"
6776,7570973,12,Ossington Ave,12 Ossington Ave,M6J 2Y7,former Toronto,Toronto,Spadina-Fort York (10),,107010,7570969,12,,,,4125,,,-79.41938141,43.64446791,16,Angled Bike Rack,Ossington Ave,5,2.9,2016,N/A,,107,"{""type"": ""Point"", ""coordinates"": [-79.4193781682054, 43.6444593301141]}"
6777,773911,122,Bond St,122 Bond St,M5B 1X8,former Toronto,Toronto,Toronto Centre (13),,102007,14021112,122,,,,3029,,,-79.37914202,43.6573867,17,Bike Rack,Bond St,16,2.9,2016,N/A,,108,"{""type"": ""Point"", ""coordinates"": [-79.3791387851816, 43.6573781216217]}"
6778,773913,137,Bond St,137 Bond St,M5B 1Y2,former Toronto,Toronto,Toronto Centre (13),,102008,14021112,137,,,,3029,,,-79.3787214,43.65783129,19,Bike Rack,Dalhousie St,8,2.9,2016,N/A,,109,"{""type"": ""Point"", ""coordinates"": [-79.3787181688475, 43.6578227118334]}"
6779,7930799,124,Spadina Ave,124 Spadina Ave,,former Toronto,Toronto,Spadina-Fort York (10),,115001,7930670,124,,,,4426,,,-79.39634178,43.64719249,18,Bike Corral,Camden St,28,12,2015,NO,,110,"{""type"": ""Point"", ""coordinates"": [-79.3963385440912, 43.6471839084895]}"
6780,14069353,192,Spadina Ave,192 Spadina Ave,M5T 2C2,former Toronto,Toronto,Spadina-Fort York (10),,104008,10494196,192,,,,4426,,,-79.39765214,43.64994647,29,Bike Corral,Spadina Ave,14,5.5,2015,NO,,111,"{""type"": ""Point"", ""coordinates"": [-79.3976488984162, 43.6499378951888]}"
6781,14199528,196,Spadina Ave,196 Spadina Ave,M5T 2C2,former Toronto,Toronto,Spadina-Fort York (10),,115001,10494196,196,,,,4426,,,-79.39737389,43.65013313,30,Bike Rack,Spadina Ave,8,2.9,2016,N/A,,112,"{""type"": ""Point"", ""coordinates"": [-79.3973706520018, 43.6501245499884]}"
6782,9980057,1978,Queen St E,1978 Queen St E,M4L 1H8,former Toronto,Toronto,Beaches-East York (19),,115001,9980046,1978,,,,4237,,,-79.30113953,43.66998145,31,Bike Rack,Waverley Rd,8,2.9,2017,N/A,,113,"{""type"": ""Point"", ""coordinates"": [-79.3011363154956, 43.66997286101041]}"
6783,9468140,20,Northcote Ave,20 Northcote Ave,,former Toronto,Toronto,Davenport (9),,115001,14018614,20,,,,4070,,,-79.426438,43.64313414,33,Bike Shelter,Northcote Ave,10,3,2015,N/A,,114,"{""type"": ""Point"", ""coordinates"": [-79.4264347476873, 43.6431255580551]}"
6784,14207146,205,Spadina Ave,205 Spadina Ave,M5T 2C7,former Toronto,Toronto,Spadina-Fort York (10),,115001,10494196,205,,,,4426,,,-79.39662227,43.65043402,38,Bike Corral,Spadina Ave,14,11,2010,Y,,115,"{""type"": ""Point"", ""coordinates"": [-79.3966190321934, 43.6504254363213]}"
6785,11382307,777,Victoria Park Ave,777 Victoria Park Ave,,Scarborough,Toronto,Scarborough Southwest (20),,108001,11382305,777,,,,370,,,-79.28915706,43.69454357,103,Bike Rack,Victoria Park Ave,8,2.9,0,N/A,,116,"{""type"": ""Point"", ""coordinates"": [-79.2891570511807, 43.6945435700427]}"
6786,30025064,78,Tecumseth St,78 Tecumseth St,M5V 0A9,former Toronto,Toronto,Spadina-Fort York (10),,100002,20053421,78,,,,4534,,,-79.40544143,43.64304804,104,Bike Rack,King St W,8,2.9,2016,N/A,,117,"{""type"": ""Point"", ""coordinates"": [-79.40544142218641, 43.6430480473063]}"